{"cameraMode":{"drawMode":0,"name":"Shaded","section":"Shading Mode"},"sceneLighting":false,"audioPlay":false,"sceneViewState":{"showFog":true,"showMaterialUpdate":false,"showSkybox":true,"showFlares":true,"showImageEffects":true,"showParticleSystems":true},"in2DMode":false,"pivot":{"x":-1.0180541276931763,"y":1.0926555395126343,"z":3.994030237197876},"rotation":{"x":-0.07522551715373993,"y":0.018543479964137079,"z":-0.00139911868609488,"w":-0.99699467420578},"size":10.0,"orthographic":false}