{"cameraMode":{"drawMode":0,"name":"Shaded","section":"Shading Mode"},"sceneLighting":false,"audioPlay":false,"sceneViewState":{"showFog":true,"showMaterialUpdate":false,"showSkybox":false,"showFlares":true,"showImageEffects":true,"showParticleSystems":true},"in2DMode":false,"pivot":{"x":-15.068730354309082,"y":0.2796648442745209,"z":0.08720818161964417},"rotation":{"x":0.21584075689315797,"y":0.002328295260667801,"z":-0.000800074718426913,"w":0.976641058921814},"size":1.0998525619506837,"orthographic":false}