{"cameraMode":{"drawMode":0,"name":"Shaded","section":"Shading Mode"},"sceneLighting":false,"audioPlay":false,"sceneViewState":{"showFog":true,"showMaterialUpdate":false,"showSkybox":false,"showFlares":true,"showImageEffects":true,"showParticleSystems":true},"in2DMode":false,"pivot":{"x":-0.6988080739974976,"y":4.140175819396973,"z":4.947586536407471},"rotation":{"x":-0.15420213341712953,"y":0.1218072846531868,"z":-0.01913916878402233,"w":-0.9803710579872131},"size":2.08544921875,"orthographic":false}